name,diet,period_name,period_year(million_years_ago),continent,lived_in,type,length,named_by,Altura,Peso,_merge
aardonyx,herbivorous,Early Jurassic,199-189,Africa,South Africa,sauropod,8.0,Yates Bonnan Neveling Chinsamy and Blackbeard 2010 (2009),1.8 metros,450 kilos,both
abelisaurus,carnivorous,Late Cretaceous,74-70,America del Sur,Argentina,large theropod,9.0,Bonaparte and Novas (1985),2 metros,3000 kilos,both
achelousaurus,herbivorous,Late Cretaceous,83-70,América del Norte,USA,ceratopsian,6.0,Sampson  (1995),3 metros,3000 kilos,both
achillobator,carnivorous,Late Cretaceous,99-84,Asia,Mongolia,large theropod,5.0,Perle Norell and Clark (1999),2 metros,550 kilos,both
acrocanthosaurus,carnivorous,Early Cretaceous,115-105,América del Norte,USA,large theropod,12.0,Stovall and Langston (1950),,,both
aegyptosaurus,herbivorous,Late Cretaceous,98-93,Africa,Egypt,sauropod,15.0,Stromer (1932),5 metros,10500 kilos,both
afrovenator,carnivorous,Early Cretaceous,132-121,Africa,Niger,large theropod,9.0,Sereno Wilson Larsson Dutheil and Sues (1944),1 metros,1000 kilos,both
agilisaurus,herbivorous,Late Jurassic,169-159,Asia,China,euornithopod,1.5,Peng (1990),0.6 metros,40 kilos,both
alamosaurus,herbivorous,Late Cretaceous,70-65,América del Norte,USA,sauropod,21.0,Gilmore (1922),13 metros,50000 kilos,both
albertaceratops,herbivorous,Late Cretaceous,80-75,América del Norte,USA,ceratopsian,7.0,Ryan 2007,2 metros,3500 kilos,both
albertosaurus,carnivorous,Late Cretaceous,76-74,América del Norte,Canada,large theropod,9.0,Lamb (1914),3 metros,2500 kilos,both
alectrosaurus,carnivorous,Late Cretaceous,90-70,Asia,Mongolia,large theropod,5.0,Gilmore (1933),2 metros,1000 kilos,both
alioramus,carnivorous,Late Cretaceous,71-65,Asia,Mongolia,large theropod,6.0,Kurzanov (1976),2 metros,1000 kilos,both
allosaurus,carnivorous,Late Jurassic,156-144,América del Norte,USA,large theropod,12.0,Marsh (1877),,,left_only
alvarezsaurus,carnivorous,Late Cretaceous,89-85,America del Sur,Argentina,small theropod,2.0,Bonaparte (1991),1.1 metros,3 kilos,both
amargasaurus,herbivorous,Early Cretaceous,132-127,America del Sur,Argentina,sauropod,12.0,Salgado and Bonaparte (1991),3 metros,3000 kilos,both
ammosaurus,herbivorous,Early Jurassic,195-180,América del Norte,USA,sauropod,5.0,Marsh (1891),4 metros,70 kilos,both
ampelosaurus,herbivorous,Late Cretaceous,71-65,Europa,France,sauropod,15.0,Le Loeuff (1995),5 metros,800 kilos,both
amygdalodon,herbivorous,Mid Jurassic,177-169,America del Sur,Argentina,sauropod,15.0,Cabrera (1947),4 metros,5000 kilos,both
anchiceratops,herbivorous,Late Cretaceous,74-70,América del Norte,Canada,ceratopsian,6.0,Brown (1914),2 metros,1200 kilos,both
anchisaurus,herbivorous,Early Jurassic,190,América del Norte,USA,sauropod,2.0,Marsh (1885),0.5 metros,27 kilos,both
ankylosaurus,herbivorous,Late Cretaceous,74-67,América del Norte,USA,armoured dinosaur,7.0,Brown (1908),1.7 metros,8000 kilos,both
anserimimus,carnivorous,Late Cretaceous,84-65,Asia,Mongolia,large theropod,3.5,Barsbold (1988),,50 kilos,both
antarctosaurus,herbivorous,Late Cretaceous,84-65,America del Sur,Uruguay,sauropod,18.0,von Huene (1929),4.5 metros,34000 kilos,both
apatosaurus,herbivorous,Late Jurassic,154-145,América del Norte,USA,sauropod,21.0,Marsh (1877),5 metros,22000 kilos,both
aragosaurus,herbivorous,Early Cretaceous,132-121,Europa,Spain,sauropod,18.0,Sanz Buscalioni Casanovas and Sanafé (1987),4.5 metros,28000 kilos,both
aralosaurus,herbivorous,Late Cretaceous,94-84,Asia,Kazakhstan,euornithopod,8.0,Rozhdestvensky (1968),2.6 metros,5000 kilos,both
archaeoceratops,herbivorous,Early Cretaceous,121-99,Asia,China,ceratopsian,1.3,Dong and Azuma (1987),0.23 metros,5 kilos,both
archaeopteryx,carnivorous,Late Jurassic,147,Europa,Germany,small theropod,0.5,Mayer (1861),0.2 metros,1 kilos,both
archaeornithomimus,carnivorous,Late Cretaceous,95-70,Asia,Uzbekistan,small theropod,3.5,Russell (1972),1.8 metros,50 kilos,both
argentinosaurus,herbivorous,Late Cretaceous,90,America del Sur,Argentina,sauropod,35.0,Bonaparte and Coria (1993),21.4 metros,100000 kilos,both
arrhinoceratops,herbivorous,Late Cretaceous,72-67,América del Norte,Canada,ceratopsian,6.0,Parks (1925),2 metros,1800 kilos,both
atlascopcosaurus,herbivorous,Early Cretaceous,121-97,Oceanía,Australia,euornithopod,3.0,Rich and Rich (1989),1 metros,120 kilos,both
aucasaurus,carnivorous,Late Cretaceous,84-71,America del Sur,Argentina,large theropod,5.0,Coria Chiappe and Dingus (2002),2.4 metros,700 kilos,both
austrosaurus,herbivorous,Early Cretaceous,112-99,Oceanía,Australia,sauropod,15.0,Longman (1933),3.9 metros,16000 kilos,both
avaceratops,herbivorous,Late Cretaceous,80-75,América del Norte,USA,ceratopsian,2.3,Dodson (1986),1.3 metros,318 kilos,both
avimimus,omnivorous,Late Cretaceous,80-75,Asia,Mongolia,small theropod,1.5,Kurzanov (1981),0.9 metros,15 kilos,both
bactrosaurus,herbivorous,Late Cretaceous,84-71,Asia,China,euornithopod,6.0,Gilmore (1933),2 metros,1500 kilos,both
bagaceratops,herbivorous,Late Cretaceous,85-80,Asia,Mongolia,ceratopsian,1.0,Maryanska and Osmolska (1975),0.5 metros,10 kilos,both
bambiraptor,carnivorous,Late Cretaceous,84-71,América del Norte,USA,small theropod,1.0,Burnham Derstler Currie Bakker Zhou and Ostrom (2000),0.9 metros,6350 kilos,both
barapasaurus,herbivorous,Early Jurassic,185-170,Asia,India,sauropod,14.0,Jain Kutty Roy-Chowdhury and Chatterjee (1975),18 metros,1800 kilos,both
barosaurus,herbivorous,Late Jurassic,155-145,América del Norte,USA,sauropod,24.0,Marsh (1890),12 metros,20000 kilos,both
baryonyx,carnivorous,Early Cretaceous,125,Europa,United Kingdom,large theropod,10.0,Charig and Milner (1987),2.5 metros,1700 kilos,both
becklespinax,carnivorous,Early Cretaceous,142-132,Europa,United Kingdom,large theropod,5.0,Paul (1988),3 metros,900 kilos,both
beipiaosaurus,omnivorous,Early Cretaceous,127-121,Asia,China,small theropod,2.0,Xu Tang and Wang (1999),2.9 metros,85 kilos,both
bellusaurus,herbivorous,Mid Jurassic,180-159,Asia,China,sauropod,5.0,Dong and Azuma (1990),1.5 metros,450 kilos,both
borogovia,carnivorous,Late Cretaceous,84-65,Asia,Mongolia,small theropod,1.5,Osmólska (1987),0.7 metros,20 kilos,both
brachiosaurus,herbivorous,Late Jurassic,155-140,América del Norte,USA,sauropod,30.0,Riggs (1903),9.4 metros,52600 kilos,both
brachylophosaurus,herbivorous,Late Cretaceous,89-88,América del Norte,USA,euornithopod,7.0,C. M. Sternberg (1953),2.8 metros,6990 kilos,both
brachytrachelopan,herbivorous,Mid Jurassic,150,America del Sur,Argentina,sauropod,10.0,Rauhut Remes Fechner Cladera and Puerta (2005),,9000 kilos,both
buitreraptor,carnivorous,Late Cretaceous,99-90,America del Sur,Argentina,small theropod,1.3,Makovicky Apesteguía &amp; Agnolin (2005),2.4 metros,3 kilos,both
camarasaurus,herbivorous,Late Jurassic,150-140,América del Norte,USA,sauropod,23.0,Cope (1877),4.6 metros,20000 kilos,both
camptosaurus,herbivorous,Late Jurassic,155-145,América del Norte,USA,euornithopod,5.0,Marsh (1885),2 metros,2500 kilos,both
carcharodontosaurus,carnivorous,Late Cretaceous,98-94,Africa,North Africa,large theropod,15.0,Stromer (1931),4.3 metros,15000 kilos,both
carnotaurus,carnivorous,Late Cretaceous,70,America del Sur,Argentina,large theropod,7.6,Bonaparte (1985),3 metros,1350 kilos,both
caudipteryx,omnivorous,Early Cretaceous,125-122,Asia,China,small theropod,1.0,Ji Currie Norell and Ji. (1998),0.7 metros,7 kilos,both
cedarpelta,herbivorous,Early Cretaceous,142-127,América del Norte,USA,armoured dinosaur,10.0,Carpenter Kirkland Burge and Bird (2001),3 metros,5000 kilos,both
centrosaurus,herbivorous,Late Cretaceous,76-74,América del Norte,Canada,ceratopsian,6.0,apertus,1.8 metros,2700 kilos,both
ceratosaurus,carnivorous,Late Jurassic,153-148,América del Norte,USA,large theropod,6.0,Marsh (1884),4 metros,980 kilos,both
cetiosauriscus,herbivorous,Mid Jurassic,175-160,Europa,United Kingdom,sauropod,15.0,von Huene (1927),1.36 metros,8900 kilos,both
cetiosaurus,herbivorous,Mid Jurassic,170-160,Europa,United Kingdom,sauropod,18.0,Phillips (1871),3 metros,11000 kilos,both
chaoyangsaurus,herbivorous,Late Jurassic,152-145,Asia,China,ceratopsian,1.1,Zhao Cheng and Xu (1999),,10 kilos,both
chasmosaurus,herbivorous,Late Cretaceous,76-74,América del Norte,Canada,ceratopsian,5.0,belli,2.5 metros,3600 kilos,both
chindesaurus,carnivorous,Late Triassic,227-210,América del Norte,USA,small theropod,4.0,Long and Murry (1995),1 metros,50 kilos,both
chinshakiangosaurus,herbivorous,Late Jurassic,159-142,Asia,China,sauropod,11.0,Yeh (1975),,,both
chirostenotes,omnivorous,Late Jurassic,79-67,América del Norte,Canada,small theropod,1.7,Gilmore (1924),1.5 metros,100 kilos,both
chubutisaurus,herbivorous,Early Cretaceous,112-99,America del Sur,Argentina,sauropod,23.0,Corro (1974),0.91 metros,10880 kilos,both
chungkingosaurus,herbivorous,Late Jurassic,159-142,Asia,China,armoured dinosaur,4.0,Dong Zhou and Zhang (1983),2 metros,1361 kilos,both
citipati,omnivorous,Late Cretaceous,81-75,Asia,Mongolia,small theropod,2.1,Clark Norell and Barsbold (2001),1.15 metros,83 kilos,both
coelophysis,carnivorous,Late Triassic,225-190,Africa,Zimbabwe,small theropod,2.0,bauri,1.25 metros,23 kilos,both
coelurus,carnivorous,Late Jurassic,155-145,América del Norte,USA,small theropod,1.8,Marsh (1879),7 metros,20 kilos,both
coloradisaurus,omnivorous,Late Triassic,221-210,America del Sur,Argentina,sauropod,4.0,Bonaparte (1978),2 metros,100 kilos,both
compsognathus,carnivorous,Late Jurassic,145-140,Europa,Germany,small theropod,0.65,Wagner (1859),3 metros,3 kilos,both
conchoraptor,carnivorous,Late Cretaceous,81-76,Asia,Mongolia,small theropod,1.5,Barsbold (1986),0.5 metros,10 kilos,both
confuciusornis,carnivorous,Early Cretaceous,127-121,Asia,China,small theropod,0.25,Hou Zhou Gu and Zhang (1995),0.7 metros,2 kilos,both
corythosaurus,herbivorous,Late Cretaceous,76-74,América del Norte,USA,euornithopod,10.0,Brown (1914),2 metros,5000 kilos,both
cryolophosaurus,carnivorous,Early Jurassic,170,Antarctica,Antarctica,large theropod,8.0,Hammer and Hickerson (1994),2.5 metros,500 kilos,both
dacentrurus,herbivorous,Late Jurassic,154-150,Europa,United Kingdom,armoured dinosaur,6.0,Lucas (1902),2 metros,5000 kilos,both
daspletosaurus,carnivorous,Late Cretaceous,76-74,América del Norte,Canada,large theropod,9.0,Russell (1970),2.5-3.6 metros,3900 kilos,both
datousaurus,herbivorous,Mid Jurassic,170,Asia,China,sauropod,15.0,Dong and Tang (1984),5 metros,16000 kilos,both
deinocheirus,omnivorous,Late Cretaceous,70-66,Asia,Mongolia,large theropod,10.0,Osmólska and Roniewicz (1970),4.9 metros,6400 kilos,both
deinonychus,carnivorous,Early Cretaceous,120-110,América del Norte,USA,small theropod,3.0,Ostrom (1969),0.87 metros,75 kilos,both
deltadromeus,carnivorous,Late Cretaceous,99-94,Africa,Morocco,large theropod,8.1,Sereno Duthiel Iarochene Larsson Lyon Magwene Sidor Varricchio and Wilson (1996),9 metros,1050 kilos,both
dicraeosaurus,herbivorous,Late Jurassic,150-135,Africa,Tanzania,sauropod,20.0,Janensch (1914),3 metros,14000 kilos,both
dilophosaurus,carnivorous,Early Jurassic,190,América del Norte,USA,large theropod,6.0,wetherilli,3 metros,300 kilos,both
diplodocus,herbivorous,Late Jurassic,155-145,América del Norte,USA,sauropod,26.0,Marsh (1878),6 metros,20000 kilos,both
dromaeosaurus,carnivorous,Late Cretaceous,76-74,América del Norte,USA,small theropod,1.8,Matthew and Brown (1922),0.4 metros,15 kilos,both
dromiceiomimus,omnivorous,Late Cretaceous,74-70,América del Norte,Canada,large theropod,3.5,Parks (1926),1.4 metros,300 kilos,both
dryosaurus,herbivorous,Late Jurassic,155-140,América del Norte,USA,euornithopod,4.0,Marsh (1894),1.7 metros,99 kilos,both
dryptosaurus,carnivorous,Late Cretaceous,84-65,América del Norte,USA,large theropod,6.4,Cope (1866),3 metros,1500 kilos,both
dubreuillosaurus,carnivorous,Late Jurassic,169-164,Europa,France,large theropod,9.0,Allain (2005),,250 kilos,both
edmontonia,herbivorous,Late Cretaceous,76-74,América del Norte,Canada,armoured dinosaur,4.0,Sternberg (1928),3 metros,3200 kilos,both
edmontosaurus,herbivorous,Late Cretaceous,76-65,América del Norte,Canada,euornithopod,13.0,Lambe (1917),3 metros,3500 kilos,both
einiosaurus,herbivorous,Late Cretaceous,74,América del Norte,USA,ceratopsian,6.0,Sampson  (1995),4.5 metros,1300 kilos,both
elaphrosaurus,carnivorous,Late Jurassic,154-151,Africa,Tanzania,large theropod,6.2,Janensch (1920),1.5 metros,300 kilos,both
emausaurus,herbivorous,Mid Jurassic,190-180,Europa,Germany,armoured dinosaur,2.0,Haubold (1991),3.7 metros,14000 kilos,both
eolambia,herbivorous,Late Cretaceous,99-94,América del Norte,USA,euornithopod,6.0,Kirkland (1998),2 metros,1000 kilos,both
eoraptor,carnivorous,Late Triassic,228,America del Sur,Argentina,small theropod,1.0,Sereno Forster Rogers and Monetta (1993),0.3 metros,10 kilos,both
eotyrannus,carnivorous,Early Cretaceous,127-121,Europa,United Kingdom,large theropod,5.0,Hutt Naish Martill Barker and Newberry (2001),4 metros,227 kilos,both
equijubus,herbivorous,Early Cretaceous,127-99,Asia,China,euornithopod,7.0,You Luo Shubin Witmer Tang and Tang (2003),,2500 kilos,both
erketu,herbivorous,Early Cretaceous,,Asia,Mongolia,sauropod,15.0,Ksepka and Norell (2006),,4990 kilos,both
erlikosaurus,omnivorous,Late Cretaceous,99-89,Asia,Mongolia,small theropod,3.4,Perle vide Barsbold and Perle (1980),2.7 metros,160 kilos,both
euhelopus,herbivorous,Late Jurassic,154-142,Asia,China,sauropod,10.0,Wiman (1929),5 metros,3500 kilos,both
euoplocephalus,herbivorous,Late Cretaceous,76-70,América del Norte,USA,armoured dinosaur,7.0,tutus,2 metros,2000 kilos,both
europasaurus,herbivorous,Late Jurassic,154-151,Europa,Germany,sauropod,6.2,Sander Mateus Laven and Knötschke (2006),,500 kilos,both
eustreptospondylus,carnivorous,Mid Jurassic,165,Europa,United Kingdom,large theropod,7.0,Walker (1964),2.5 metros,900 kilos,both
fukuiraptor,carnivorous,Early Cretaceous,121-99,Asia,Japan,large theropod,4.2,Azuma and Currie (2000),0.07 metros,590 kilos,both
fukuisaurus,herbivorous,Early Cretaceous,121-99,Asia,Japan,euornithopod,4.7,Kobayashi and Azuma (2003),2 metros,400 kilos,both
gallimimus,omnivorous,Late Cretaceous,74-70,Asia,Mongolia,large theropod,6.0,Osmólska Roniewicz and Barsbold (1972),2 metros,200 kilos,both
gargoyleosaurus,herbivorous,Late Jurassic,154-142,América del Norte,USA,armoured dinosaur,4.0,Carpenter Miles and Cloward (1998),1 metros,1000 kilos,both
garudimimus,omnivorous,Late Cretaceous,99-89,Asia,Mongolia,large theropod,4.7,Barsbold (1981),0.35 metros,30 kilos,both
gasosaurus,carnivorous,Mid Jurassic,170-160,Asia,China,small theropod,4.0,Dong and Tang (1985),1.5 metros,150 kilos,both
gasparinisaura,herbivorous,Late Cretaceous,86-71,America del Sur,Argentina,euornithopod,0.8,Coria and Salgado (1996),0.3 metros,34 kilos,both
gastonia,herbivorous,Early Cretaceous,142-127,América del Norte,USA,armoured dinosaur,4.6,Kirkland (1998),1.1 metros,1900 kilos,both
giganotosaurus,carnivorous,Early Cretaceous,112-90,America del Sur,Argentina,large theropod,12.5,Coria and Salgado (1995),6 metros,8000 kilos,both
gilmoreosaurus,herbivorous,Late Cretaceous,76-70,Asia,China,euornithopod,6.0,Brett-Surman (1979),3.2 metros,300 kilos,both
giraffatitan,herbivorous,Late Jurassic,154-142,Africa,Tanzania,sauropod,23.0,Janensch (1914),12 metros,40000 kilos,both
gobisaurus,herbivorous,Early Cretaceous,121-99,Asia,China,armoured dinosaur,5.0,Vickaryous Russell Currie and Zhao (2001),2.4 metros,3500 kilos,both
gorgosaurus,carnivorous,Late Cretaceous,80-73,América del Norte,USA,large theropod,8.6,Lamb (1914),2.7 metros,2500 kilos,both
goyocephale,herbivorous,Late Cretaceous,81-75,Asia,Mongolia,large theropod,2.0,Perle Maryańska and Osmólska (1982),0.5 metros,40 kilos,both
graciliceratops,herbivorous,Late Cretaceous,99-84,Asia,Mongolia,ceratopsian,2.0,Sereno (2000),0.4 metros,9 kilos,both
gryposaurus,herbivorous,Late Cretaceous,86-71,América del Norte,USA,euornithopod,10.0,Lambe (1914),2.7 metros,4536 kilos,both
guaibasaurus,herbivorous,Late Triassic,221-210,America del Sur,Brazil,small theropod,1.8,Bonaparte Ferigolo and Ribeiro (1999),0.9 metros,6 kilos,both
guanlong,carnivorous,Late Jurassic,159-154,Asia,China,small theropod,3.0,Xu Clark Forster Norell Erickson Eberth Jia and Zhao (2006),1 metros,125 kilos,both
hadrosaurus,herbivorous,Late Cretaceous,78-74,América del Norte,USA,euornithopod,9.0,Leidy (1858),3 metros,8000 kilos,both
hagryphus,omnivorous,Late Cretaceous,,América del Norte,USA,small theropod,3.0,Zanno and Sampson (2005),2 metros,50 kilos,both
haplocanthosaurus,herbivorous,Late Jurassic,154-142,América del Norte,USA,sauropod,21.5,Hatcher (1903),14 metros,11611 kilos,both
harpymimus,omnivorous,Early Cretaceous,121-99,Asia,Mongolia,small theropod,2.0,Barsbold and Perle (1984),1.8 metros,50 kilos,both
herrerasaurus,carnivorous,Late Triassic,228,America del Sur,Argentina,small theropod,3.0,Reig (1963),3 metros,350 kilos,both
hesperosaurus,herbivorous,Late Jurassic,154-142,América del Norte,USA,armoured dinosaur,6.0,Carpenter Miles and Cloward (2001),,3500 kilos,both
heterodontosaurus,herbivorous,Early Jurassic,205,Africa,South Africa,euornithopod,1.2,Crompton and Charig (1962),0.5 metros,6 kilos,both
heyuannia,omnivorous,Late Cretaceous,72-68,Asia,Mongolia,small theropod,2.0,Barsbold (1981),,20 kilos,both
homalocephale,herbivorous,Late Cretaceous,72-68,Asia,Mongolia,euornithopod,1.5,Maryańska and Osmólska (1974),0.6 metros,85 kilos,both
huayangosaurus,herbivorous,Mid Jurassic,170-160,Asia,China,armoured dinosaur,4.5,Dong Tang and Zhou (1982),1.3 metros,3000 kilos,both
hylaeosaurus,herbivorous,Early Cretaceous,150-135,Europa,United Kingdom,armoured dinosaur,5.0,Mantell (1833),0.085 metros,1000 kilos,both
hypacrosaurus,herbivorous,Late Cretaceous,70,América del Norte,USA,euornithopod,9.0,Brown (1913),4 metros,1300 kilos,both
hypsilophodon,herbivorous,Early Cretaceous,125,Europa,United Kingdom,euornithopod,2.3,Huxley (1869),0.6 metros,68 kilos,both
iguanodon,herbivorous,Early Cretaceous,140-110,Europa,United Kingdom,euornithopod,10.0,Boulenger and van Beneden (1881),2.7 metros,5000 kilos,both
indosuchus,carnivorous,Late Cretaceous,71-65,Asia,India,large theropod,7.0,Huene and Matley (1933),4.9 metros,1200 kilos,both
irritator,carnivorous,Early Cretaceous,112-99,America del Sur,Brazil,large theropod,6.5,Martill Cruickshank Frey Small and Clarke (1996),3 metros,1000 kilos,both
isisaurus,herbivorous,Late Cretaceous,71-65,Asia,India,sauropod,18.0,Jain and Bandyopadhyay (1997),5 metros,,both
janenschia,herbivorous,Late Jurassic,154-151,Africa,Tanzania,sauropod,20.0,Wild (1991),6 metros,30000 kilos,both
jaxartosaurus,herbivorous,Late Cretaceous,94-84,Asia,Kazakhstan,euornithopod,9.0,Riabinin (1939),4.9 metros,3629 kilos,both
jingshanosaurus,herbivorous,Early Jurassic,205-190,Asia,China,sauropod,5.0,Zhang and Yang (1995),2.5 metros,2500 kilos,both
jinzhousaurus,herbivorous,Early Cretaceous,127-121,Asia,China,euornithopod,7.0,Wang and Xu (2001),2.5 metros,1000 kilos,both
jobaria,herbivorous,Early Cretaceous,132-94,Africa,Niger,sauropod,21.0,Sereno Beck Dutheil Larsson Lyon Moussa Sadleir Sidor Varricchio Wilson and Wilson (1999),4.5 metros,22000 kilos,both
juravenator,carnivorous,Late Jurassic,154-151,Europa,Germany,small theropod,0.8,Göhlich &amp; Chiappe (2006),,1 kilos,both
kentrosaurus,herbivorous,Late Jurassic,155-150,Africa,Tanzania,armoured dinosaur,5.0,Hennig (1915),3.51 metros,3000 kilos,both
khaan,omnivorous,Late Cretaceous,81-75,Asia,Mongolia,small theropod,1.8,Clark Norell and Barsbold (2001),,14 kilos,both
kotasaurus,herbivorous,Early Jurassic,205-180,Asia,India,sauropod,9.0,Yadagiri (1988),3 metros,2500 kilos,both
kritosaurus,herbivorous,Late Cretaceous,78-74,América del Norte,USA,euornithopod,8.0,Brown (1910),7 metros,2300 kilos,both
lambeosaurus,herbivorous,Late Cretaceous,76-74,América del Norte,Canada,euornithopod,9.0,Parks (1923),2.1 metros,3000 kilos,both
lapparentosaurus,herbivorous,Mid Jurassic,169-164,Africa,Madagascar,sauropod,15.0,Bonaparte (1986),6 metros,22680 kilos,both
leaellynasaura,herbivorous,Early Cretaceous,115-110,Oceanía,Australia,euornithopod,2.0,Rich and Rich (1989),0.4 metros,10 kilos,both
leptoceratops,herbivorous,Late Cretaceous,67-65,América del Norte,USA,ceratopsian,3.0,Brown (1914),0.75 metros,200 kilos,both
lesothosaurus,herbivorous,Early Jurassic,213-200,Africa,Lesotho,small theropod,2.0,Galton (1978),1 metros,10 kilos,both
liaoceratops,herbivorous,Early Cretaceous,127-121,Asia,China,ceratopsian,0.154,Xu Makovicky Wang Norell and You (2002),0.007 metros,7 kilos,both
ligabuesaurus,herbivorous,Early Cretaceous,121-99,America del Sur,Argentina,sauropod,24.0,Bonaparte González Riga and Apesteguía (2006),,,both
liliensternus,carnivorous,Late Triassic,205-202,Europa,Germany,small theropod,5.0,Huene (1934),2 metros,200 kilos,both
lophorhothon,herbivorous,Late Cretaceous,84-71,América del Norte,USA,euornithopod,4.5,Xu Makovicky Wang Norell and You (1960),,590 kilos,both
lophostropheus,carnivorous,Early Jurassic,203-196,Europa,France,large theropod,6.2,Ezcurra and Cuny 2007 (1993),,100 kilos,both
lufengosaurus,herbivorous,Early Jurassic,200-195,Asia,China,sauropod,6.0,Young (1941),3 metros,1500 kilos,both
lurdusaurus,herbivorous,Early Cretaceous,121-112,Africa,Niger,euornithopod,9.0,Taquet &amp; Russell (1999),2 metros,5500 kilos,both
lycorhinus,herbivorous,Late Triassic,205-195,Africa,South Africa,euornithopod,1.2,Haughton (1924),0.5 metros,18 kilos,both
magyarosaurus,herbivorous,Late Cretaceous,71-65,Europa,Romania,sauropod,5.0,Nopcsa (1915),2 metros,1100 kilos,both
maiasaura,herbivorous,Late Cretaceous,80-75,América del Norte,USA,euornithopod,9.0,Horner and Makela (1979),2.5 metros,10000 kilos,both
majungasaurus,carnivorous,Late Cretaceous,84-71,Africa,Madagascar,large theropod,6.0,Sues &amp; Taquet (1979),2 metros,1100 kilos,both
malawisaurus,herbivorous,Early Cretaceous,121-112,Africa,Malawi,sauropod,9.0,Haughton (1928),4.3 metros,9000 kilos,both
mamenchisaurus,herbivorous,Late Jurassic,155-145,Asia,China,sauropod,22.0,Young (1954),10.7 metros,27216 kilos,both
mapusaurus,carnivorous,Late Cretaceous,99-94,America del Sur,Argentina,large theropod,13.0,Coria and Currie (2006),4.5 metros,3000 kilos,both
marshosaurus,carnivorous,Late Jurassic,154-142,América del Norte,USA,large theropod,6.0,Madsen (1976),,200 kilos,both
masiakasaurus,carnivorous,Late Cretaceous,84-71,Africa,Madagascar,small theropod,2.0,Sampson Carrano &amp; Forster (2001),1.25 metros,128 kilos,both
massospondylus,omnivorous,Early Jurassic,208-204,Africa,Zimbabwe,sauropod,4.0,Owen (1854),2.4 metros,1000 kilos,both
maxakalisaurus,herbivorous,Late Cretaceous,80,America del Sur,Brazil,sauropod,13.0,Kellner et al. (2006),,,both
megalosaurus,carnivorous,Mid Jurassic,170-155,Europa,United Kingdom,large theropod,9.0,Ritgen (1826),3 metros,9000 kilos,both
melanorosaurus,omnivorous,Late Triassic,227-221,Africa,South Africa,sauropod,12.0,Haughton (1924),2 metros,1300 kilos,both
metriacanthosaurus,carnivorous,Late Jurassic,159-154,Europa,United Kingdom,large theropod,8.2,Walker (1964),1.8 metros,910 kilos,both
microceratus,herbivorous,Late Cretaceous,86-66,Asia,Mongolia,ceratopsian,0.5,Bohlin (1953),0.25 metros,10 kilos,both
micropachycephalosaurus,herbivorous,Late Cretaceous,84-71,Asia,China,ceratopsian,0.6,Dong (1978),0.17 metros,5 kilos,both
microraptor,carnivorous,Early Cretaceous,125-122,Asia,China,small theropod,0.8,Xu Zhou and Wang (2000),0.3 metros,1 kilos,both
minmi,herbivorous,Early Cretaceous,121-112,Oceanía,Australia,armoured dinosaur,3.0,Molnar (1980),1 metros,1600 kilos,both
monolophosaurus,carnivorous,Mid Jurassic,180-159,Asia,China,large theropod,5.7,Zhao and Currie (1993),1.8 metros,480 kilos,both
mononykus,carnivorous,Late Cretaceous,81-68,Asia,Mongolia,small theropod,1.0,Perle Norell Chiappe and Clark (1993),0.4 metros,4 kilos,both
mussaurus,herbivorous,Late Triassic,221-210,America del Sur,Argentina,sauropod,3.0,Bonaparte and Vince (1979),3 metros,1000 kilos,both
muttaburrasaurus,herbivorous,Early Cretaceous,110-100,Oceanía,Australia,euornithopod,7.0,Bartholomai and Molnar (1981),2.5 metros,2800 kilos,both
nanshiungosaurus,omnivorous,Late Cretaceous,84-71,Asia,China,large theropod,4.4,Dong (1979),0.6 metros,600 kilos,both
nedoceratops,herbivorous,Late Cretaceous,67-65,América del Norte,USA,ceratopsian,7.0,Lull (1905),,12000 kilos,both
nemegtosaurus,herbivorous,Late Cretaceous,72-68,Asia,Mongolia,sauropod,13.0,Nowinski (1971),4 metros,18144 kilos,both
neovenator,carnivorous,Early Cretaceous,127-121,Europa,United Kingdom,large theropod,7.4,Hutt Martill and Barker (1996),2.5 metros,2000 kilos,both
neuquenosaurus,herbivorous,Late Cretaceous,71-65,America del Sur,Argentina,sauropod,10.0,Lydekker (1893),,12700 kilos,both
nigersaurus,herbivorous,Early Cretaceous,121-99,Africa,Tunisia,sauropod,15.0,Sereno Beck Dutheil Larsson Lyon Moussa Sadleir Sidor Varricchio Wilson &amp; Wilson (1999),2.4 metros,4536 kilos,both
nipponosaurus,herbivorous,Late Cretaceous,89-84,Europa,Russia,euornithopod,4.0,Nagao (1936),,1814 kilos,both
noasaurus,carnivorous,Late Cretaceous,84-65,America del Sur,Argentina,small theropod,1.0,Bonaparte and Powell (1980),0.6 metros,15 kilos,both
nodosaurus,herbivorous,Early Cretaceous,110-100,América del Norte,USA,armoured dinosaur,5.0,Marsh (1889),3 metros,3500 kilos,both
nomingia,omnivorous,Late Cretaceous,72-68,Asia,Mongolia,small theropod,1.6,Barsbold Osmólska Watabe Currie and Tsogtbaatar (2000),,20 kilos,both
nothronychus,omnivorous,Late Cretaceous,94-89,América del Norte,USA,large theropod,5.3,Kirkland and Wolfe (2001),3.6 metros,1000 kilos,both
nqwebasaurus,carnivorous,Mid Jurassic,159-132,Africa,South Africa,small theropod,1.0,de Klerk Forster Sampson Chinsamy and Ross (2000),0.31 metros,1 kilos,both
omeisaurus,herbivorous,Mid Jurassic,169-159,Asia,China,sauropod,20.0,Young (1939),4 metros,9800 kilos,both
opisthocoelicaudia,herbivorous,Late Cretaceous,72-68,Asia,Mongolia,sauropod,12.0,Borsuk-Bialynicka  (1977),5 metros,14000 kilos,both
ornitholestes,carnivorous,Late Jurassic,150-144,América del Norte,USA,small theropod,2.0,Osbourne (1933),0.91 metros,11 kilos,both
ornithomimus,omnivorous,Late Cretaceous,74-65,América del Norte,USA,large theropod,4.0,Marsh (1890),2 metros,200 kilos,both
orodromeus,herbivorous,Late Cretaceous,74,América del Norte,USA,euornithopod,2.0,Horner and Weishampel (1988),0.5 metros,50 kilos,both
oryctodromeus,herbivorous,Late Cretaceous,99-94,América del Norte,USA,euornithopod,2.1,Varricchio Marin and Katsura (2007),0.6 metros,32 kilos,both
othnielia,herbivorous,Late Jurassic,154-142,América del Norte,USA,euornithopod,1.4,Marsh (1877),0.6 metros,10 kilos,both
ouranosaurus,herbivorous,Early Cretaceous,115-100,Africa,Niger,euornithopod,7.0,Taquet (1976),3 metros,4000 kilos,both
oviraptor,omnivorous,Late Cretaceous,85-75,Asia,Mongolia,small theropod,2.0,Osborn (1924),0.91 metros,36 kilos,both
pachycephalosaurus,herbivorous,Late Cretaceous,76-65,América del Norte,USA,euornithopod,8.0,Brown and Schlaikjer (1943),3 metros,2000 kilos,both
pachyrhinosaurus,herbivorous,Late Cretaceous,76-74,América del Norte,Canada,ceratopsian,6.0,Sternberg (1950),3 metros,4000 kilos,both
panoplosaurus,herbivorous,Late Cretaceous,79-75,América del Norte,USA,armoured dinosaur,7.0,Lambe (1919),1.2 metros,3175 kilos,both
pantydraco,herbivorous,Early Jurassic,,Europa,Wales,euornithopod,3.0,Galton Yates and Kermack 2007 (2003),3 metros,50 kilos,both
paralititan,herbivorous,Late Cretaceous,99-94,Africa,Egypt,sauropod,28.0,Smith Lamanna Lacovara Dodson Smith Poole Giegengack and Attia (2001),9 metros,47000 kilos,both
parasaurolophus,herbivorous,Late Cretaceous,76-74,América del Norte,USA,euornithopod,11.0,Parks (1922),4.9 metros,3600 kilos,both
parksosaurus,herbivorous,Late Cretaceous,76-74,América del Norte,Canada,euornithopod,3.0,Sternberg (1937),1 metros,45 kilos,both
patagosaurus,herbivorous,Mid Jurassic,164-159,America del Sur,Argentina,sauropod,18.0,Bonaparte (1979),4.6 metros,7257 kilos,both
pelicanimimus,carnivorous,Early Cretaceous,127-121,Europa,Spain,small theropod,2.0,Pérez-Moreno Sanz Buscalioni Moratalla Ortega and Rasskin-Gutman (1994),1 metros,25 kilos,both
pelorosaurus,herbivorous,Early Cretaceous,125,Europa,United Kingdom,sauropod,25.0,Mantell (1850),12 metros,14000 kilos,both
pentaceratops,herbivorous,Late Cretaceous,76-74,América del Norte,USA,ceratopsian,6.8,Osborn (1923),4 metros,2700 kilos,both
piatnitzkysaurus,carnivorous,Late Jurassic,164-159,America del Sur,Argentina,large theropod,4.2,Bonaparte (1979),2.5 metros,300 kilos,both
pinacosaurus,herbivorous,Late Cretaceous,81-75,Asia,Mongolia,armoured dinosaur,5.0,Gilmore (1933),2 metros,1400 kilos,both
plateosaurus,herbivorous,Late Triassic,210,Europa,Switzerland,sauropod,7.0,Meyer (1837),3 metros,700 kilos,both
podokesaurus,carnivorous,Mid Jurassic,195-180,América del Norte,USA,small theropod,0.9,Talbot (1911),0.3 metros,4 kilos,both
poekilopleuron,carnivorous,Mid Jurassic,169-164,Europa,France,large theropod,9.0,Eudes-Deslongchamps (1838),3 metros,1300 kilos,both
polacanthus,herbivorous,Early Cretaceous,125,Europa,United Kingdom,armoured dinosaur,5.0,Hulke (1881),1.7 metros,900 kilos,both
prenocephale,herbivorous,Late Cretaceous,80-65,Asia,Mongolia,euornithopod,2.4,Maryańska and Osmólska (1974),,,both
probactrosaurus,herbivorous,Early Cretaceous,121-99,Asia,China,euornithopod,6.0,Rozhdestvensky (1966),2.5 metros,135 kilos,both
proceratosaurus,carnivorous,Mid Jurassic,169-164,Europa,United Kingdom,small theropod,4.1,Woodward (1910),1.8 metros,300 kilos,both
procompsognathus,carnivorous,Late Triassic,221-210,Europa,Germany,small theropod,1.0,Fraas (1913),0.25 metros,1 kilos,both
prosaurolophus,herbivorous,Late Cretaceous,77-75,América del Norte,USA,euornithopod,7.6,Brown (1916),4 metros,1800 kilos,both
protarchaeopteryx,carnivorous,Early Cretaceous,122-120,Asia,China,small theropod,2.0,Ji and Ji (1997),0.7 metros,4 kilos,both
protoceratops,herbivorous,Late Cretaceous,74-70,Asia,Mongolia,ceratopsian,1.8,Granger and Gregory (1923),0.6 metros,180 kilos,both
protohadros,herbivorous,Late Cretaceous,99-94,América del Norte,USA,euornithopod,6.0,Head (1998),,,both
psittacosaurus,herbivorous,Early Cretaceous,120-100,Europa,Russia,ceratopsian,2.0,Osborn (1923),0.6 metros,68 kilos,both
quaesitosaurus,herbivorous,Late Cretaceous,86-84,Asia,Mongolia,sauropod,23.0,Kurzanov and Bannikov (1983),7.6 metros,6350 kilos,both
rebbachisaurus,herbivorous,Early Cretaceous,112-99,Africa,Morocco,sauropod,20.0,Lavocat (1954),,7000 kilos,both
rhabdodon,herbivorous,Late Cretaceous,76-70,Europa,Spain,euornithopod,4.0,Matherton (1869),3.7 metros,3000 kilos,both
rhoetosaurus,herbivorous,Mid Jurassic,177-169,Oceanía,Australia,sauropod,15.0,Longman (1926),5 metros,10800 kilos,both
rinchenia,omnivorous,Late Cretaceous,72-68,Asia,Mongolia,small theropod,2.5,Barsbold (1986),1.3 metros,136 kilos,both
riojasaurus,herbivorous/omnivorous,Late Triassic,221-210,America del Sur,Argentina,sauropod,5.15,Bonaparte (1969),3 metros,700 kilos,both
rugops,carnivorous,Late Cretaceous,95,Africa,Niger,large theropod,7.0,Sereno Wilson and Conrad (2004),2.5 metros,410 kilos,both
saichania,herbivorous,Late Cretaceous,80,Asia,Mongolia,armoured dinosaur,6.6,Maryañska (1977),2 metros,1800 kilos,both
saltasaurus,herbivorous,Late Cretaceous,70-65,America del Sur,Argentina,sauropod,12.0,Bonaparte and Powell (1980),4 metros,7250 kilos,both
saltopus,carnivorous,Late Triassic,221-210,Europa,United Kingdom,small theropod,0.9,Huene (1910),0.3 metros,9 kilos,both
sarcosaurus,carnivorous,Early Jurassic,202-195,Europa,United Kingdom,small theropod,3.0,Andrews (1921),1 metros,4300 kilos,both
saurolophus,herbivorous,Late Cretaceous,74-70,Asia,Mongolia,euornithopod,9.0,Brown (1912),4 metros,2700 kilos,both
sauropelta,herbivorous,Early Cretaceous,121-94,América del Norte,USA,armoured dinosaur,6.5,Ostrom (1970),1.8 metros,2900 kilos,both
saurophaganax,carnivorous,Late Jurassic,154-142,América del Norte,USA,large theropod,12.0,Chure (1996),5 metros,5400 kilos,both
saurornithoides,carnivorous,Late Cretaceous,85-80,Asia,Mongolia,small theropod,3.0,Osborn (1924),0.7 metros,30 kilos,both
scelidosaurus,herbivorous,Early Jurassic,208-194,Europa,United Kingdom,armoured dinosaur,4.0,Owen (1868),1.2 metros,250 kilos,both
scutellosaurus,herbivorous,Early Jurassic,205-202,América del Norte,USA,armoured dinosaur,1.2,Colbert (1981),0.3 metros,10 kilos,both
secernosaurus,herbivorous,Late Cretaceous,71-65,America del Sur,Argentina,euornithopod,3.0,Brett-Surman (1979),1.5 metros,1814 kilos,both
segisaurus,carnivorous,Mid Jurassic,195-180,América del Norte,USA,small theropod,1.5,Camp (1936),0.3 metros,5 kilos,both
segnosaurus,carnivorous,Late Cretaceous,97-88,Asia,Mongolia,large theropod,4.0,Perle (1979),3 metros,10000 kilos,both
shamosaurus,herbivorous,Early Cretaceous,121-99,Asia,Mongolia,armoured dinosaur,5.0,Tumanova (1983),,2000 kilos,both
shanag,carnivorous,Early Cretaceous,126-142,Asia,Mongolia,small theropod,0.45,Turner Hwang and Norell (2007),,5 kilos,both
shantungosaurus,herbivorous,Late Cretaceous,78-74,Asia,China,euornithopod,15.0,Hu (1973),6 metros,7300 kilos,both
shunosaurus,herbivorous,Mid Jurassic,170-160,Asia,China,sauropod,10.0,Dong Zhou and Zhang (1983),5 metros,7200 kilos,both
shuvuuia,omnivorous,Late Cretaceous,75-81,Asia,Mongolia,small theropod,0.6,Chiappe Norell and Clark (1998),0.5 metros,5 kilos,both
silvisaurus,herbivorous,Early Cretaceous,121-112,América del Norte,USA,armoured dinosaur,4.0,Eaton (1960),1.5 metros,3000 kilos,both
sinocalliopteryx,carnivorous,Early Cretaceous,125,Asia,China,small theropod,2.37,Ji Ji Lü and Yuan (2007),,20 kilos,both
sinornithosaurus,carnivorous,Early Cretaceous,122-120,Asia,China,small theropod,2.0,Xu Wang and Wu (1999),0.5 metros,9 kilos,both
sinosauropteryx,carnivorous,Early Cretaceous,122-120,Asia,China,small theropod,1.0,Ji and Ji (1996),0.3 metros,3 kilos,both
sinovenator,carnivorous,Early Cretaceous,127-121,Asia,China,small theropod,1.0,Xu Norell Wang Makovicky and Wu (2002),0.9 metros,23 kilos,both
sinraptor,carnivorous,Mid Jurassic,169-142,Asia,China,large theropod,7.6,Gao (1992),3 metros,1000 kilos,both
sonidosaurus,herbivorous,Late Cretaceous,89-65,Asia,China,sauropod,9.0,Xu Zhang Tan Zhao and Tan (2006),3 metros,1400 kilos,both
spinosaurus,carnivorous,Late Cretaceous,95-70,Africa,Morocco,large theropod,18.0,Stromer (1915),5 metros,6000 kilos,both
staurikosaurus,carnivorous,Late Triassic,227-221,America del Sur,Brazil,large theropod,2.0,Colbert (1970),0.8 metros,28 kilos,both
stegoceras,herbivorous,Late Cretaceous,76-74,América del Norte,USA,euornithopod,2.4,Lambe (1902),1.3 metros,68 kilos,both
stegosaurus,herbivorous,Late Jurassic,155-145,América del Norte,USA,armoured dinosaur,9.0,Marsh (1877),,,left_only
stenopelix,herbivorous,Early Cretaceous,127-121,Europa,Germany,ceratopsian,1.5,Meyer (1857),0.76 metros,10 kilos,both
struthiomimus,omnivorous,Late Cretaceous,76-74,América del Norte,Canada,small theropod,4.0,Osborn (1917),3 metros,150 kilos,both
struthiosaurus,herbivorous,Late Cretaceous,83-75,Europa,Spain,armoured dinosaur,2.5,Bunzel (1871),1.7 metros,400 kilos,both
styracosaurus,herbivorous,Late Cretaceous,76-70,América del Norte,USA,ceratopsian,5.5,Lambe (1913),2 metros,3000 kilos,both
suchomimus,carnivorous,Early Cretaceous,121-112,Africa,Niger,large theropod,11.0,Sereno Beck Dutheil Gado Larsson Lyon Marcot Rauhut Sadleir Sidor Varricchio Wilson and Wilson (1998),5 metros,6000 kilos,both
supersaurus,herbivorous,Early Cretaceous,154-142,América del Norte,USA,sauropod,35.0,Jansen (1985),,50000 kilos,both
talarurus,herbivorous,Late Cretaceous,99-89,Asia,Mongolia,armoured dinosaur,6.0,Maleev (1952),2 metros,1360 kilos,both
tanius,herbivorous,Late Cretaceous,89-65,Asia,China,euornithopod,7.0,Wiman (1929),3 metros,2177 kilos,both
tarbosaurus,carnivorous,Late Cretaceous,74-70,Asia,Mongolia,large theropod,10.0,Maleev (1955),4 metros,11000 kilos,both
tarchia,herbivorous,Late Cretaceous,75-68,Asia,Mongolia,armoured dinosaur,8.5,Maleev (1956),3 metros,4500 kilos,both
telmatosaurus,herbivorous,Late Cretaceous,84-65,Europa,Spain,euornithopod,5.0,Nopcsa (1900),2 metros,450 kilos,both
tenontosaurus,herbivorous,Early Cretaceous,120-110,América del Norte,USA,euornithopod,7.0,Ostrom (1970),3 metros,900 kilos,both
thecodontosaurus,omnivorous,Late Triassic,227-205,Europa,United Kingdom,sauropod,2.5,Morris (1843),0.3 metros,11 kilos,both
therizinosaurus,omnivorous,Late Cretaceous,85-70,Asia,Mongolia,large theropod,10.0,Maleev (1915),4 metros,450 kilos,both
thescelosaurus,herbivorous,Late Cretaceous,76-67,América del Norte,USA,euornithopod,3.5,Gilmore (1913),1.3 metros,300 kilos,both
torosaurus,herbivorous,Late Cretaceous,70-65,América del Norte,USA,ceratopsian,7.5,Marsh (1891),2.7 metros,12000 kilos,both
torvosaurus,carnivorous,Late Jurassic,155-144,América del Norte,USA,large theropod,10.0,Galton and Jensen (1979),4.5 metros,2700 kilos,both
triceratops,herbivorous,Late Cretaceous,68-66,América del Norte,USA,ceratopsian,9.0,Marsh (1889),2.7 metros,12000 kilos,both
troodon,carnivorous,Late Cretaceous,74-65,América del Norte,USA,small theropod,2.0,Leidy (1856),0.7 metros,50 kilos,both
tsagantegia,herbivorous,Late Cretaceous,99-84,Asia,Mongolia,armoured dinosaur,6.0,Tumanova (1993),2.5 metros,2722 kilos,both
tsintaosaurus,herbivorous,Late Cretaceous,84-71,Asia,China,euornithopod,12.0,Young (1958),4 metros,2700 kilos,both
tuojiangosaurus,herbivorous,Late Jurassic,157-154,Asia,China,armoured dinosaur,7.0,Dong Li Zhou and Zhang (1973),2 metros,2800 kilos,both
tylocephale,herbivorous,Late Cretaceous,75-72,Asia,Mongolia,euornithopod,1.4,Maryańska and Osmólska (1974),1.1 metros,32 kilos,both
tyrannosaurus,carnivorous,Late Cretaceous,68-66,América del Norte,USA,large theropod,12.0,Osborn (1905),,,left_only
udanoceratops,herbivorous,Late Cretaceous,81-75,Asia,Mongolia,ceratopsian,4.0,Kurzanov (1992),0.9 metros,200 kilos,both
unenlagia,carnivorous,Late Cretaceous,94-86,America del Sur,Argentina,small theropod,2.4,Novas and Puerta (1997),1.6 metros,23 kilos,both
urbacodon,carnivorous,Late Cretaceous,95,Asia,Uzbekistan,small theropod,1.0,Averianov and Sues (2007),0.5 metros,10 kilos,both
utahraptor,carnivorous,Early Cretaceous,112-100,América del Norte,USA,large theropod,6.0,Kirkland Gaston and Burge (1993),2.7 metros,900 kilos,both
valdosaurus,herbivorous,Early Cretaceous,142-121,Europa,United Kingdom,euornithopod,3.0,Galton (1975),1 metros,10 kilos,both
velociraptor,carnivorous,Late Cretaceous,74-70,Asia,Mongolia,small theropod,1.8,Osborn (1924),0.7 metros,25 kilos,both
vulcanodon,herbivorous,Early Jurassic,205-202,Africa,Zimbabwe,sauropod,6.5,Raath (1972),2 metros,3500 kilos,both
yandusaurus,herbivorous,Mid Jurassic,169-159,Asia,China,euornithopod,3.0,He (1979),0.3 metros,7 kilos,both
yangchuanosaurus,carnivorous,Late Jurassic,160-144,Asia,China,large theropod,10.0,Dong Chang Li and Zhou (1978),4.5 metros,3150 kilos,both
yimenosaurus,herbivorous,Early Jurassic,195-190,Asia,China,sauropod,9.0,Bai Yang and Wang (1990),3 metros,1000 kilos,both
yingshanosaurus,herbivorous,Late Jurassic,159-142,Asia,China,armoured dinosaur,4.5,Watanabe (1992),5.5 metros,1000 kilos,both
yinlong,herbivorous,Mid Jurassic,159-154,Asia,China,ceratopsian,1.2,Xu Forster Clark and Mo (2006),0.4 metros,15 kilos,both
yuanmousaurus,herbivorous,Mid Jurassic,180-159,Asia,China,sauropod,17.0,Lü Li Ji Wang Zhang and Dong (2006),,18143 kilos,both
yunnanosaurus,omnivorous,Early Jurassic,205-190,Asia,China,sauropod,7.0,Young (1942),2 metros,,both
zalmoxes,herbivorous,Late Cretaceous,69,Europa,Romania,euornithopod,3.0,Nopcsa (1902),0.7 metros,80 kilos,both
zephyrosaurus,herbivorous,Early Cretaceous,120-110,América del Norte,USA,euornithopod,1.8,Sues (1980),1 metros,20 kilos,both
zuniceratops,herbivorous,Late Cretaceous,94-89,América del Norte,USA,ceratopsian,3.5,Wolfe and Kirkland (1998),,,left_only
